{"data":[{"ObjectIdentifier": "D44D13A6-0537-4831-91C3-6080095BD40A", "Properties": {"domain": "ADMINISTRATOR.HTB", "name": "DEFAULT DOMAIN CONTROLLERS POLICY@ADMINISTRATOR.HTB", "distinguishedname": "CN={6AC1786C-016F-11D2-945F-00C04FB984F9},CN=POLICIES,CN=SYSTEM,DC=ADMINISTRATOR,DC=HTB", "domainsid": "S-1-5-21-1088858960-373806567-254189436", "highvalue": false, "gpcpath": "\\\\ADMINISTRATOR.HTB\\SYSVOL\\ADMINISTRATOR.HTB\\POLICIES\\{6AC1786C-016F-11D2-945F-00C04FB984F9}", "description": null, "whencreated": 1728071309}, "IsDeleted": false, "IsACLProtected": true, "Aces": [{"RightName": "Owns", "IsInherited": false, "PrincipalSID": "S-1-5-21-1088858960-373806567-254189436-512", "PrincipalType": "Group"}, {"RightName": "GenericWrite", "IsInherited": false, "PrincipalSID": "S-1-5-21-1088858960-373806567-254189436-512", "PrincipalType": "Group"}, {"RightName": "WriteOwner", "IsInherited": false, "PrincipalSID": "S-1-5-21-1088858960-373806567-254189436-512", "PrincipalType": "Group"}, {"RightName": "WriteDacl", "IsInherited": false, "PrincipalSID": "S-1-5-21-1088858960-373806567-254189436-512", "PrincipalType": "Group"}, {"RightName": "GenericWrite", "IsInherited": false, "PrincipalSID": "S-1-5-21-1088858960-373806567-254189436-519", "PrincipalType": "Group"}, {"RightName": "WriteOwner", "IsInherited": false, "PrincipalSID": "S-1-5-21-1088858960-373806567-254189436-519", "PrincipalType": "Group"}, {"RightName": "WriteDacl", "IsInherited": false, "PrincipalSID": "S-1-5-21-1088858960-373806567-254189436-519", "PrincipalType": "Group"}, {"RightName": "GenericWrite", "IsInherited": false, "PrincipalSID": "S-1-5-21-1088858960-373806567-254189436-512", "PrincipalType": "Group"}, {"RightName": "WriteOwner", "IsInherited": false, "PrincipalSID": "S-1-5-21-1088858960-373806567-254189436-512", "PrincipalType": "Group"}, {"RightName": "WriteDacl", "IsInherited": false, "PrincipalSID": "S-1-5-21-1088858960-373806567-254189436-512", "PrincipalType": "Group"}]},{"ObjectIdentifier": "169315D1-ED7F-415C-A07D-F0248D4B5E7E", "Properties": {"domain": "ADMINISTRATOR.HTB", "name": "DEFAULT DOMAIN POLICY@ADMINISTRATOR.HTB", "distinguishedname": "CN={31B2F340-016D-11D2-945F-00C04FB984F9},CN=POLICIES,CN=SYSTEM,DC=ADMINISTRATOR,DC=HTB", "domainsid": "S-1-5-21-1088858960-373806567-254189436", "highvalue": false, "gpcpath": "\\\\ADMINISTRATOR.HTB\\SYSVOL\\ADMINISTRATOR.HTB\\POLICIES\\{31B2F340-016D-11D2-945F-00C04FB984F9}", "description": null, "whencreated": 1728071309}, "IsDeleted": false, "IsACLProtected": true, "Aces": [{"RightName": "Owns", "IsInherited": false, "PrincipalSID": "S-1-5-21-1088858960-373806567-254189436-512", "PrincipalType": "Group"}, {"RightName": "GenericWrite", "IsInherited": false, "PrincipalSID": "S-1-5-21-1088858960-373806567-254189436-512", "PrincipalType": "Group"}, {"RightName": "WriteOwner", "IsInherited": false, "PrincipalSID": "S-1-5-21-1088858960-373806567-254189436-512", "PrincipalType": "Group"}, {"RightName": "WriteDacl", "IsInherited": false, "PrincipalSID": "S-1-5-21-1088858960-373806567-254189436-512", "PrincipalType": "Group"}, {"RightName": "GenericWrite", "IsInherited": false, "PrincipalSID": "S-1-5-21-1088858960-373806567-254189436-519", "PrincipalType": "Group"}, {"RightName": "WriteOwner", "IsInherited": false, "PrincipalSID": "S-1-5-21-1088858960-373806567-254189436-519", "PrincipalType": "Group"}, {"RightName": "WriteDacl", "IsInherited": false, "PrincipalSID": "S-1-5-21-1088858960-373806567-254189436-519", "PrincipalType": "Group"}, {"RightName": "GenericWrite", "IsInherited": false, "PrincipalSID": "S-1-5-21-1088858960-373806567-254189436-512", "PrincipalType": "Group"}, {"RightName": "WriteOwner", "IsInherited": false, "PrincipalSID": "S-1-5-21-1088858960-373806567-254189436-512", "PrincipalType": "Group"}, {"RightName": "WriteDacl", "IsInherited": false, "PrincipalSID": "S-1-5-21-1088858960-373806567-254189436-512", "PrincipalType": "Group"}]}],"meta":{"methods":0,"type":"gpos","count":2, "version":5}}