{"data":[{"ObjectIdentifier": "045C4734-7CF3-45DB-A876-B8345E614668", "Properties": {"domain": "ADMINISTRATOR.HTB", "name": "DOMAIN CONTROLLERS@ADMINISTRATOR.HTB", "distinguishedname": "OU=DOMAIN CONTROLLERS,DC=ADMINISTRATOR,DC=HTB", "domainsid": "S-1-5-21-1088858960-373806567-254189436", "highvalue": false, "blocksinheritance": false, "description": "Default container for domain controllers", "whencreated": 1728071309}, "IsDeleted": false, "IsACLProtected": false, "Aces": [{"RightName": "Owns", "IsInherited": false, "PrincipalSID": "S-1-5-21-1088858960-373806567-254189436-512", "PrincipalType": "Group"}, {"RightName": "WriteOwner", "IsInherited": false, "PrincipalSID": "S-1-5-21-1088858960-373806567-254189436-512", "PrincipalType": "Group"}, {"RightName": "WriteDacl", "IsInherited": false, "PrincipalSID": "S-1-5-21-1088858960-373806567-254189436-512", "PrincipalType": "Group"}, {"RightName": "GenericAll", "IsInherited": true, "PrincipalSID": "S-1-5-21-1088858960-373806567-254189436-519", "PrincipalType": "Group"}, {"RightName": "WriteOwner", "IsInherited": true, "PrincipalSID": "ADMINISTRATOR.HTB-S-1-5-32-544", "PrincipalType": "Group"}, {"RightName": "WriteDacl", "IsInherited": true, "PrincipalSID": "ADMINISTRATOR.HTB-S-1-5-32-544", "PrincipalType": "Group"}], "Links": [{"IsEnforced": false, "GUID": "D44D13A6-0537-4831-91C3-6080095BD40A"}], "ChildObjects": [{"ObjectIdentifier": "S-1-5-21-1088858960-373806567-254189436-1000", "ObjectType": "Computer"}], "GPOChanges": {"AffectedComputers": [], "DcomUsers": [], "LocalAdmins": [], "PSRemoteUsers": [], "RemoteDesktopUsers": []}}],"meta":{"methods":0,"type":"ous","count":1, "version":5}}